{
  "transition": "P_to_N",
  "metrics": {
    "validation": {
      "loss": 2.365795890490214,
      "auc": 0.8843846658543445,
      "f1": 0.5585585585585585,
      "accuracy": 0.7777777777777778,
      "precision": 0.3891213389121339,
      "recall": 0.9893617021276596
    },
    "test": {
      "loss": 2.0368158340454103,
      "auc": 0.9101800124146493,
      "f1": 0.5766129032258065,
      "accuracy": 0.8284313725490197,
      "precision": 0.41329479768786126,
      "recall": 0.9533333333333334
    },
    "val_test_gap": 0.05065359477124187
  },
  "weibull_params": {
    "k_mean": 4.003324508666992,
    "k_std": 1.492240309715271,
    "lam_mean": 37.23272705078125,
    "lam_std": 18.902999877929688
  }
}